{"0.684513620672663":{"user_id":2},"0.7518257094340541":{"user_id":2},"0.13606158533223933":{"user_id":2},"0.7481251196697454":{"user_id":2},"0.35846159168729597":{"user_id":2},"0.47432036566259383":{"user_id":2},"0.06665792489596067":{"user_id":2},"0.08080571741978981":{"user_id":2}}